{"version":30,"hash":{"type":"Buffer","data":"O75JhGs1FBC3IuL9SnS/+VXdu80kB4Bo13sKhWiuNmt1htEoQtof+w9OlA55U8DgQCcJYa/x4TBsHErpnMb75DKv9QoH+BnqhSTopd/NJ4bdFywJKRvPm4gD8E3D3yVhmi5m5SPVj7Ufz3WLcmBEhnvw94K2NL4ByERCqhO+9nE="},"indexValueMap":{"A03mZA6tTBAMudW1uAckVweeJtTmQMVyb+E5Qm5mQQ0=":{"valueMac":{"type":"Buffer","data":"H0fLWJbMpKgfVuonsljXiajUS7GK/Hjw+TCK31bp4Ro="}},"A8frrqOG6k5C5duMa4wvTxRDNTkv+ayKGRVFql7hCbM=":{"valueMac":{"type":"Buffer","data":"41Yz0goxWqBO5HUzotKFfU/zfkcaano858gnpO49pD4="}},"DMNDI5CA7u0mRFIKgtUT/7f55SKb7AFDj6qSGVb/yJI=":{"valueMac":{"type":"Buffer","data":"6nXpU/9zNbPGEvlGYDLQiJVjO9rINX2jnDWlQqTEmLs="}},"E3ebHrfwipVW8eigIdzZNq9sL+/gZmjMyZvYJdOoAaY=":{"valueMac":{"type":"Buffer","data":"aQe7RS+BQiuT/mIOT214gq1SpBZDREaxFR7Bl31gmG4="}},"HaSUs8NKZ2IuPyrc2mWusjvGK1xXdT4PHaa4aPY+VGM=":{"valueMac":{"type":"Buffer","data":"ODsZ0QO5f09LTfdBKSiRzQ8Jt/oeCMVlUiTJGBGmTVU="}},"ICK58PJhcq0tZuNkF3kyc871vXT0AIHsIV1d4NO00zs=":{"valueMac":{"type":"Buffer","data":"5tE7uvLYExipTMp578cPftmjzrf9vQ4StqhNRBmuhI4="}},"IX6eonlPwJMeWCqzRlw9+aLnXHkY0zPyHcO2bngyqiw=":{"valueMac":{"type":"Buffer","data":"RPN0RPtzADLkvW+0abFEw/tJO/TFDl7Oipv6/eWuRT8="}},"IajqwV86pPwwnarcHrfLsNP34iUNn0+TMEsJ7zWrzRM=":{"valueMac":{"type":"Buffer","data":"kDoh57zyMUXJ5DLZJPgLjsLULFYvkbGdFUtRD8BP6ic="}},"IkxfxZ4DDkU1QybcQJLH30vRryUjPmdp3m0Jk9psk/Y=":{"valueMac":{"type":"Buffer","data":"1yzp6Xlz2KNMMZUK3G0Kh26pYFtvdTxuNuqto6+QKcM="}},"J3qVb6Foc0wMmQ/CXqlqjCUtkjLot3LY0CtGvmHOSbM=":{"valueMac":{"type":"Buffer","data":"l0NJszn17r9fcMq4X6WSZqLaGyGQn9wJzJKokdy1ly4="}},"KADZ4kkoIEqNIT7jaMo/IFR9GSdvzeoRWYt+AjfTYY0=":{"valueMac":{"type":"Buffer","data":"68F5B6aGB5Im/MgFGulDb3l89b6qc4DgtERGzlq9NYQ="}},"K8MsojiAPUj0jhxtxv7bYJGoqcuDWYxdHrSa0zXFiUY=":{"valueMac":{"type":"Buffer","data":"Ho2yt5qomCYD4/B0Y3IaRqy2SFbjvw9NlgFCQxm6LQg="}},"Mubo7Z7Wz0teVtRvrK/1uFD3Xgq24wSTTCx5Cfn1oqg=":{"valueMac":{"type":"Buffer","data":"Bm1/Q5lL9oqqN3snXz2CwaC1V+rg4Szb9DwJ2lBi/Qg="}},"NkN7X+2okwqTZEE/5TqXRHjMaWECseFOpHUmjF7U818=":{"valueMac":{"type":"Buffer","data":"Unv6ZMoYwLsNmBTP1huizlZThwYDWw53kNMjeE/5644="}},"Oe0CbOCM/2sAr6ESEuHPX44rCoDyfBNZI16zBvLWwI0=":{"valueMac":{"type":"Buffer","data":"/4rop5rUyekHxbjkkfgOeMkUdOS/ToWjmY9CURPonD0="}},"PPNw2jiLFlpjmuG0ZgvY/LRpYPuqPox/yGHexAO+tZY=":{"valueMac":{"type":"Buffer","data":"p+W8D1SbMByvNsRqGEG6WsxHlM+nn1cmmvyCWeDlLzc="}},"RCZnbgAThRMxpzTuirzu6Wl3I7TMHYsQoTcYyI/YBmg=":{"valueMac":{"type":"Buffer","data":"XGkgkAHltKNb6BSQQle1a6ghrWLSDC40LaYvowCLY8E="}},"RJecP4xXeNtWhGq8/V38La5GPxevy0XZpOF7QD8i2D0=":{"valueMac":{"type":"Buffer","data":"QVNBK+AGwnk0EkYs/G62s/1jYafj8BlfHQDZ1gk3hQk="}},"UONQbKtHQvqRyjPMUwAFRQcsjzZWbBhHaRmtw0mwmbQ=":{"valueMac":{"type":"Buffer","data":"CoQhF6Yx6yupG55BRPGbz7NhNB9BLnrFhsCwjl5hNt8="}},"VWK9OpgaBAk9IcJ9LvONKH96q0/gPCk4esMuY2VD7WY=":{"valueMac":{"type":"Buffer","data":"fdDID6v4vd/k30lLMFSF4hBMA6B+BDExup3JQhzL+SQ="}},"V4L2hUQ9W+RjHI3AH9dn8U0PmYggumhLCtS6Oqm7eaE=":{"valueMac":{"type":"Buffer","data":"kiO+yq+TkqzQSk7W8Aq6aESI6A/razzCPagctLEHTuY="}},"Y51Z3eTjFyXxSwxozRzzsR7AQUALnfJ8KqB+iSvlSBg=":{"valueMac":{"type":"Buffer","data":"ui66g+bISgwlKkIfolEkLh+1ooMO1BofcPeJ68YfTqc="}},"ZEVUxv8X8E/UTpk5IDoVctODC4pMXfk2wghzqOKcbHI=":{"valueMac":{"type":"Buffer","data":"spzSfSwlqEKN2np5qMKD1FvXqmQEu0F3mfoWixc8hh0="}},"ZkRWYhVUqFwP1mkQVD6Hw+RV3/xl7eNaLMxB2DXL7vU=":{"valueMac":{"type":"Buffer","data":"mGyRPR8QjT4XL8FlSHa7qJj0AzSdzTIfHWyKTXdCdFw="}},"aFfbNlbfQFey6BhGaVVIV2DTZRl/+s3T0RYv0wLsyxY=":{"valueMac":{"type":"Buffer","data":"n+iiOUZ5nSQwUM4jtjD1V3n6GTyizDI0Xc+zM8qXjg0="}},"bzRxlr9ODz6YLjt3LR/lbHNfr+bi8/zIky3s02ZiSs8=":{"valueMac":{"type":"Buffer","data":"L0h7HMCyEkSU8mnGso1zrSV+5OoR2RSrtb7/IBNX02k="}},"dvZoygTxro2fclVB+HQ0dEAa4heohTWi0es/MsmPmyE=":{"valueMac":{"type":"Buffer","data":"lGIM5Dovmy1rwuSk5lTCtXw3qAawpsswZ7JBm4KLzo4="}},"erjS3c0aFy5xrbEHuSjfedOZc06MBDpaKPJL5qz3nL0=":{"valueMac":{"type":"Buffer","data":"b1Pmbh8PD8We2CqEsCRSTfK0w1evzmt9NkCjGmBhQz4="}},"e9MByQF0hj719Vrq8cIO3HhFAX6ng6xl/OulnOVikoI=":{"valueMac":{"type":"Buffer","data":"OqN7aR6LbvnT9xH1s+idVAjxNLG3OlR0zK39+P2hiHo="}},"fru78xPW1EIUye0aiUGg/9pIsVcUa5kGDKhaHcaG33o=":{"valueMac":{"type":"Buffer","data":"S3/w9rq4NQgCRbpXgMUZAN4HFa+7O6HTisVKPv65Oes="}},"hpukLoaCZ465MN+d4bBfsGe8Ce5BvZC8ig9WBH9Etag=":{"valueMac":{"type":"Buffer","data":"biAu/bfEFKBiabO9yjDlw1F9tmK28UCwjClN8ah33g8="}},"la166KCV1qaqE3yZ1Lr//HydpyPXtbsr1BUHPJhTVLU=":{"valueMac":{"type":"Buffer","data":"7mYbgCdi7qZZ3Zv9fR+eWh+zQ8SqX2O90Ycrp6yoFvE="}},"ngY24OTXE1mERdynz9O1tVYZizf1JLNfNddm8dlHYPc=":{"valueMac":{"type":"Buffer","data":"PCeHPSXLdasjwW1xmy5Fpdzvr/cH7F1XCKGciv5ckH4="}},"oROL9cxbprVdBjVLC9f+XSIpFzpSDjKYW1Us742JrFY=":{"valueMac":{"type":"Buffer","data":"b8U9CcP8x87xniwihaxncIiMOeDUj01y7SECB2rwZ8M="}},"ptDXxwpBQZVpJRgFIbpwrGHPItHSpNG4kiCJpvYpZiY=":{"valueMac":{"type":"Buffer","data":"5yFpZo8HX6c2p85cGzVDBz/uqUArbi5VTB+ZcBxaaqM="}},"p7v7AlaTtn3IjPKKE4Qjd8IBH8qxWvquxS7ovEyTf3c=":{"valueMac":{"type":"Buffer","data":"LEFGU5ec6Dg5fkM913cW+mCGD29an4thEoBR+nR4znQ="}},"rLluf4B34S4j8LwoKtPiUTbsXMffE12kN5U7EHPPZ9U=":{"valueMac":{"type":"Buffer","data":"+2ZRDGDqPM2EK9MwQQB49De+bFOAU98M1kh1IOQ2r2k="}},"reNDTjyGfImZzM4bUF1zaUqxj40Z21ieVUgBnwmO5E8=":{"valueMac":{"type":"Buffer","data":"e9Z+WezeHq3czaT0BoWYWPSCwZezO7GkVPoLdmmb6bU="}},"tpDpy0eJwykTE9xm+x+8n+PsC1c/NHRlcEOWH3hj1vw=":{"valueMac":{"type":"Buffer","data":"5weVpcJo/Q/IRRUhjyyqSQAEy7yLGpxbHQgWkp+vQNA="}},"uvgpDB2T8YsJaXiDNiS8kdH+5zeIdiT5kmEe0Jalau8=":{"valueMac":{"type":"Buffer","data":"kBB0ZArE8fnbVZ+uxHHo7KA+M0+fU2zoirYMVa3vNsM="}},"vRcyR2DAMDWu9gk9HUy1PCT3oTM7dcFT6/PRxL7PtLY=":{"valueMac":{"type":"Buffer","data":"tOpmL2KLoGOqvCxRciOzO8EerRTJrj1H3MwZiJadWZI="}},"v0SooPITVtoJfiz6fg9tcCHkQH3SB/JKrl8dWfxhxiM=":{"valueMac":{"type":"Buffer","data":"A/DDI3fYW7eFzGuFRYMa1Dv0yFnbIEYIa0Vjt+VF9Cg="}},"xaewVr0i+qHyvRdtpJfqnqFGisMCX+6YR2Q5YA3oc+Y=":{"valueMac":{"type":"Buffer","data":"DyivboKNkI+cDrcgNEMDvDAzj0bNcjUkyrco+5k8k80="}},"xg9UxgciFDIApF+PnCMj3JkkY8buLhZDX9wlUT2OmtU=":{"valueMac":{"type":"Buffer","data":"taVONOQdr0sHc9Gbx71SXcJGIwJEaBxl2tY2t+xyaWY="}},"zRfdWJZiY8Q2JuB1D2i2n9u36NM69qO+hURDTF/RKFo=":{"valueMac":{"type":"Buffer","data":"Y5dIqur7gv/bSdoBH0yvXGPnXRUSHqKLoJCb/j6G5dU="}},"z4T3774Zo5HDX746RMVJgu5YP0GM+CKzqSZNmoGWjoQ=":{"valueMac":{"type":"Buffer","data":"dSXXV4sxjNoHyx1hpsa7YOMIelvx4yljQAfTls8WmhE="}},"1Cxry4JolDslg22tQyGuVkL7DDk5xBae6ztI4uhX5ak=":{"valueMac":{"type":"Buffer","data":"xnbqq6mgxraTPbCmNTqDjUR5DsCTLcRe7IdFi/VgXPU="}},"9W1Xh7E6yeFmMIWSvRylXrx3RRG1lL3mVyV6SchW65o=":{"valueMac":{"type":"Buffer","data":"83hDmUaCjYLZufRzvwo/d7o6kKp+Nnv+pG2ajMIFVs4="}},"9dji0788z5sDFhubFki2Pt37ZoVu0fKYaMk0vJfwxvg=":{"valueMac":{"type":"Buffer","data":"fH/FUUbKP3pgJy7uwdufoWc2IwU7fT2yTXs69+QBwRY="}},"9otAa4lqcqt69bj8lOme33qgUqeTBQO1Iq9/v6A85cU=":{"valueMac":{"type":"Buffer","data":"w8Feh59S34+GFbVHn2z3AmR1kTSTmxM9QUsZ39j2Dsw="}},"VvKVQon8Wi3NHpPGnIKqQdc126KzwXruXThocX3hiA8=":{"valueMac":{"type":"Buffer","data":"OUMmApZuEdyHHpYwBQep0CAFOG8rGfb/nFlpXmjtoQo="}},"vCHWeiNJdN+zcq74O8MyEZ4HvZrOvlPYhM+UZR5Wa4A=":{"valueMac":{"type":"Buffer","data":"7w8DbZ8THrjoR/1ph+dH+zMBi94ly7mUJOPYPKRaEt0="}},"HuBlif+ye6/guYCBd15nYqDQ4cv0ZO86mtsuu1vzhlY=":{"valueMac":{"type":"Buffer","data":"583c8vWSNKkSyaPXEBuFw4VjUbPoUsXsCHzs0/SAom0="}},"cTdd0cQKkCWJ7X2gi9WTan/7hiVFXb5olqEo/8tBzXU=":{"valueMac":{"type":"Buffer","data":"RhWgE+c1Ehb2ZoUkqYMa5H5ogOzDjWiyAca23lTYLkQ="}},"iZTEDIV8dDnqhvs05ZUTEA5u/XmSdBku5wcjdkw/SnE=":{"valueMac":{"type":"Buffer","data":"f6op0FUdQJ2dgUQVLU5hFL4Kq7gXziS2Gqia/+0FUEw="}},"tOtrWtgfW6HNgCkCZ+Oh1bgNdr5NNlYCgIf/QLq3G2k=":{"valueMac":{"type":"Buffer","data":"2qD/u6Hcp7DqT1Y3q0RY8SU+pQr62Dp6kiRtd6MD3g8="}},"3E4zycrOZsjrX9kFKluOXF5KbAmOBt/x2uH/UqFkCV0=":{"valueMac":{"type":"Buffer","data":"FzDnJslx53WHv1kk1OxH7tDFoqyj5hagaPRCJxws9v0="}},"LMzYLAwOtQ+dvOvGp9zSLSCFKI+JyH050BAinssYkYk=":{"valueMac":{"type":"Buffer","data":"ZT/J47/9S5BwGEEQ+annxQmE2gUL79IBOeBTzgTGW5E="}},"yVXuIbRTGcU0UCVARLFPAyyk5rA8UrW2qdnNwhbJlUA=":{"valueMac":{"type":"Buffer","data":"2Vrts5vjP9Z4N+AuMevDw0oD8BNBo4YuLeHiHdMylFI="}},"y5WORLAS5zJdnu8YU50neRiXulaLbP+iy/7TBvHlcFs=":{"valueMac":{"type":"Buffer","data":"/ahFcfXOsZ/weFjfX612CYYSPnqy7EfJ4M0ddlidMCA="}},"7wz/tyTuInh65Zhlv/6QMZZ3d2RA/5YQ3FknBD/qSVw=":{"valueMac":{"type":"Buffer","data":"5ZTvaxMhrxOZ/REjtU7YSdcxtcxvXiEXmEWMH6LW2DY="}},"bCcFmMJPrT0uPq1x0rsfmJqO+AB8bGIdoULG2YUuUxI=":{"valueMac":{"type":"Buffer","data":"ynsKLuXalQtDPWSXJpXdgulxUQceuf+lJkDgU1qT6ag="}},"mXxS81I/hM+ZbZBTJ9cOi5r5ElIhG0RHNdQvD+L7Fag=":{"valueMac":{"type":"Buffer","data":"r7p08WvSVDdDgUMW8qqpZgKMzThZ21Yiyda4t2S9GSQ="}},"nr8tMFEB+qpt7G1tQPI5Ql5GiFL5HjB6hZyO4PTjfzM=":{"valueMac":{"type":"Buffer","data":"xlYxukXBdwB4QzDK/Glc+CP2su35t4SET9RBGQ3FIbw="}},"N+q9vBC7UIMoyz1PpxgLKslKIp7lyz70l4lpNJeUQDM=":{"valueMac":{"type":"Buffer","data":"Sq4u1RIAsfJeUgnaRSWpGjT8k9WJZyNCNE9Rj8lxdGc="}},"sIg/g2mqgyl9rZ5c3F0Rm3+BR7GFyenJJ4+pclBwmcA=":{"valueMac":{"type":"Buffer","data":"dOVXeav26tB6Q+l9HavRsdc4/XUbSYTmLPIY6Q1AVSE="}},"8XP4JNVF2hLtetDDM3PSQpSEzW3/w/O2p/GvoS1Ys8U=":{"valueMac":{"type":"Buffer","data":"4ORD0n4DZrnZTo6vhrrd2CIx+TZoDaGFNLVNe/VKsxo="}},"VshINz2TfV0AR6V+8XGOYFeSeD8L7dnfXdE344+lGVw=":{"valueMac":{"type":"Buffer","data":"QBbu54Tw+0alrUuK/IbZw3drJC19u4ivLNxFBuUaBxE="}},"xQkSo86BbRUAdwNa0sfUFTvlAaHdRPVaUA7cplVpC5c=":{"valueMac":{"type":"Buffer","data":"B+yVKdKskiZiRjajKSs+m8cWDTUubq0h3j584DeVg+0="}},"nIAwoJdocj1S3UXONENtEW1O8QWUZXBL9LV60GY4Dzc=":{"valueMac":{"type":"Buffer","data":"lyUf5PQX5383X1pJFhfSDsT4tb0XaSkotPLA5O7GNcc="}},"SAOSQ86Epmz4rlwdA9vpZl92lsgzJk+W2NKpANWhxT8=":{"valueMac":{"type":"Buffer","data":"qYshNpEIVo+m3xqTxP70DGWLEMUii6MAfdmGay07Kcc="}},"bX5Y2ciOh/Ic54Yk1iIBZtuPJNVIINXEDfp3GC68WQI=":{"valueMac":{"type":"Buffer","data":"URHtz34yUacoQkmakPzyntxVQZpuXKPqGP+0zqoWMQw="}},"ZVRmCGbQn6trugL4I+B3YrovnOi0+OYqYbkrKR6cBdU=":{"valueMac":{"type":"Buffer","data":"rSowIOUg/GqpvsBTQys0GO376DgaY2wo+30HIa5uUoQ="}},"SVyx8IY8VHIOOSUGuMfwhtmXl6eqCORhezne/L2DxAo=":{"valueMac":{"type":"Buffer","data":"G6dDSgKEMgWu3dxeDmsVjfk2NoTUsHpZ0Vk0Jbhophc="}},"pm5f2hDAIpR2ga9AP359YT0H0z+Nls0xqhiVa+RZ4Cg=":{"valueMac":{"type":"Buffer","data":"FiA7Fofrlgh63I0ZuoQ2fW2NS/hZ8cjvMblySG13oro="}},"p4kJ7JMku7xM/pOMZmF0NIV9zpnd/rjvinuhROpEyfo=":{"valueMac":{"type":"Buffer","data":"1ZjZI2CiSCDcCp2O89pKQFTm0t8ojshWdk5QzT+E+Fg="}},"bpnAmeLoQ2Oyp7XUeqrzhUD+NgWMmeXpY17rOIRKuoE=":{"valueMac":{"type":"Buffer","data":"5hGJZNdSSMPC+N9LXRy1Ylnk34uH3KZg0WI5MC4rZwE="}},"7MgAo9ESIhF/Knol2tCJD7XSpgUID/bp7uYaIvmcJlI=":{"valueMac":{"type":"Buffer","data":"L1gkFW30PtNHvUj4KBW0x4sWew+dHrDxYwaq82fZ5Yw="}},"QFN87ShqdXeTPFjVujvBfmkt0GzltKv09iSja1IDo1w=":{"valueMac":{"type":"Buffer","data":"qvKI0M9SWRTEjfb/pxKXZP116VaByxZsyyrl8dDkdu8="}},"KjtIKVWcSeR4zlOR/HmVOSJllBiqGKMsSLtzD/a2Njc=":{"valueMac":{"type":"Buffer","data":"QN0XOa6aAM1JReOYxNbTkb3EwCnqHjTUc8u6syVLmmI="}},"mrIZJEdZYkD4uZ9NqKRzsmY2Vk5XL9DN6yTNKP/7M4k=":{"valueMac":{"type":"Buffer","data":"ipaFutjm0r+IreR17m/W0lK7BdgK6P7B7fYOnDw/fho="}},"W5kGYK7OHjdS7BbuNmF8BuVeWMgZtSUZliLJV5SLvqY=":{"valueMac":{"type":"Buffer","data":"a7t/Es0C1wbQtfbWeMcdZcw/fYEVy4B5grypyT8VL+Q="}},"rbLW67obFTVmCKGyONOgRhqke6+Q7YbqBFgtgJ7IRS0=":{"valueMac":{"type":"Buffer","data":"BFNlkEd82anPa361Lh6+K4KbiEwSLUWoc5HXfazBioI="}},"HuBr86k1hmCN0yCtuXRBdJkS5qEbQ2ESVKLCb0jILZs=":{"valueMac":{"type":"Buffer","data":"ZZIzKSj9LfUTFgqfKw0793XlOkkbq0PSjVL2l9sfoCM="}},"bS74XPHUNgXlX7FN+qAym1GrLRwKlGSlBRveRf9WqlQ=":{"valueMac":{"type":"Buffer","data":"k1FAnHjVbmtTYKlH6NyUgBg9xsP5224Mntr3iEGGphE="}},"Xu9dm9y/WbCxGSHItZidFUZQEqouRMl2f34++pt7DNU=":{"valueMac":{"type":"Buffer","data":"SKWLTwJ4WvETf70tzVGUiGbzJPB3c+sZoL7xevSJbWI="}},"4LquJ5BFzxxPe2oN/63T6WLqOcgf1LyfqcfMIPT87MQ=":{"valueMac":{"type":"Buffer","data":"RsYg7RgWEkwxiAEDr4D2gBDOle1YIRAjG8df9u6JdUU="}},"AvxKQKxZXsuP7FsdW0V/yLNMyVzAC6XX/niPHQn0bwc=":{"valueMac":{"type":"Buffer","data":"2GpMyewn6NgIgT+5bcoDNlCS22KaNo8LL8ykG0UZQCg="}},"zpqfJJfLLctyzgvAM7CYAF7J4ex7OssCW5NOn/a5GFw=":{"valueMac":{"type":"Buffer","data":"iMcOWZuRDwI4DgA9hr+R2W44KHay3h5KakpxTY8mk1U="}},"QHTtpf48t21lJnbotM1Pl/hIm1lih/8CCTpkzSdXFOo=":{"valueMac":{"type":"Buffer","data":"Am8+d7mbjyYLPsYdxQW3W1Rgib3MJM+FOYvh8oE3B+k="}},"x66hwZt2vERMPvGnYkj8iEoM6WjBT838NZC/FfqmfKs=":{"valueMac":{"type":"Buffer","data":"DSNY6L2dwlb0k9y/5F4tjc3z+pfM6gh/wHU98NYfReg="}},"PIHPIpQmzxDjHZpax6EDuMWz+f4LHTBGADoNvq65yrk=":{"valueMac":{"type":"Buffer","data":"iw80+SKzbkAAO8RCFz8i4t1RJqxtRNdvdXQFlikxUmE="}},"bKWNqi9E10BsoeT9dxwu0zFGMgq8sZb8ouG2oqZTV8I=":{"valueMac":{"type":"Buffer","data":"+t3WP7IMlg1GVsEfIZfCSYM0Konan6IG6Cvi/w3+2qw="}},"2bK6KSQ6wYpuKbBvCtZbi+Hmhn14KQR47riFhi/boOs=":{"valueMac":{"type":"Buffer","data":"mbcNWy2GLu5RlMp6BASW6OwRRYrGrA5lk0SydLEZZy8="}},"Ol6P3gfwxYTTAd6qQgPPVxipVOnc3WAovPckU1YX4Uc=":{"valueMac":{"type":"Buffer","data":"7tIDtP+cDuBy1OVEbVJMn+1yCWc46JJhMdDvJIez4WE="}},"mhh4TxB/SInsfWgKp0WmAD1W6MJwS5y2FrlvKvCkflA=":{"valueMac":{"type":"Buffer","data":"UZIXdJ0/MQlDIV77k1ehB7A0a8AVmUNDbWe7SWeRUpU="}},"0mro5SooAbqLdAPx+GL7Lt9LgHXFxDAsQZYdhRVkTo4=":{"valueMac":{"type":"Buffer","data":"FPFDVKffJwCgQSwVefr/qXrUYsquilxxqZ3k74Vp5n0="}},"7VoRaFgMcoeCddC1lLp39iJjXqwGEQCLZm+UMZp/0Dk=":{"valueMac":{"type":"Buffer","data":"ZdJ8MpGsqZvQfAWfex+kzCoQk6qfXNPLyZYs+v9h2bk="}},"IrlVnoeNf8VyNexOXS5XiXF37WNCuyhlSHWA+3/IjTw=":{"valueMac":{"type":"Buffer","data":"MQetiJmPqd+NgmEnwVCFKStnKeo5MJqfddLZy224y98="}},"ErwIkkbjY24lMBjRD5de/P8DL/+SWu1heQgrlY+IUtU=":{"valueMac":{"type":"Buffer","data":"nqoeCNVdp0YqG9JkFSp/obf5i50oDbRhmkAsLXbSfS4="}},"qtzFn4hxHlkLdjpKWOHXUb2oeeq5sCP4L9P2yNrANRk=":{"valueMac":{"type":"Buffer","data":"pvdY4VNWBiJ6EfSWo7opS4SCBN0xf1ND+Sa+wd+aZ/8="}},"hv+zU7Vo1QgbMVoxll2IMUnwJjD8kVXIbwp/gASGCRA=":{"valueMac":{"type":"Buffer","data":"ALUpVgqBNfVZMnmkEyfVlBYHhMmAood3s475ld9QV34="}},"iq4ukCcCvlPn9Ej9Du2IHuo89B+WuTuuzCgpKbYof/g=":{"valueMac":{"type":"Buffer","data":"LNKdengW1GgoKiSRpf7bJsmV3Yh8ZjLRFYTkdD3dE6I="}},"mNIekEF6OaPMkVIDYN5ZYw1Y4wb8so5H5cHZHGgszMg=":{"valueMac":{"type":"Buffer","data":"1z3yidE14/yyvwofRK8ZfF1bSi9HOAfbHo4+octofAI="}},"wglNoiH7yzrqqSbzm0RWtqyEIKd1JhLyofUkKIuEzsY=":{"valueMac":{"type":"Buffer","data":"6Gs3sFVKj9hPDP56GNuSKZkvcEeOq+yUjulpeRFs434="}},"KUypt4ThiHFJ8Smesc7MSOCDulJSSnU4Vxo6C2Oyips=":{"valueMac":{"type":"Buffer","data":"IMKn0A4sX9iLfhqOOMNK0XG9TW0dW3ao+R6PBDUU6VU="}},"Ytd43X0+73bqf0DidEoPYc48ErDm7fm4S3VVVqsMC6o=":{"valueMac":{"type":"Buffer","data":"rUZqZGOyQ+PyA66bRXgu+y1FkEugQUdJ+fQrV2HRTrs="}},"5ukZmw2eH6QMImFlIFMk7IkEs/ukcNMFa9Pv8sf/G40=":{"valueMac":{"type":"Buffer","data":"efrJq713+MeUp1/ZDJWB+wx3lPZFRp+MRS1oJjdyPzQ="}},"8V7+yX+E5dd5J3jTK+aJEIM3sS6LWoqhr4XhDqJtEvs=":{"valueMac":{"type":"Buffer","data":"vB32kI/7F2MbJU8ewv11up3Unv7fvcoBdVwldxgyxv4="}},"4qt9IlyUmQmjGDXFWSQKr+lXu59eWBfgLw1M6jidzDE=":{"valueMac":{"type":"Buffer","data":"dErnIH83mmcgCTFOacLFvlVO2tNvDQPqP3B7y10oNC8="}}}}