{"version":12,"hash":{"type":"Buffer","data":"HPR+qxszvlYPN1hE2JFla/5wWyom0TK4ovOV8XYe3Pbu0Q8HKOq+EczpFjgOACs2Ed+ulW3n7OWvo1CwVP8mu9h5WgiMrLexYniMAdUrdwzJRBen45EDGzPjRtkIJzzbc2N0BxLzqk4qF2fpdyI+ellwwpJykfIPJ7OPLb+QbVg="},"indexValueMap":{"FFUOslVCwaNJJwMNHeuHvvPQLi3U4Qhp87l1hTM8wUA=":{"valueMac":{"type":"Buffer","data":"IP49eRKU1UYy7C3PSRQGfW00nRsA9ZqEl8clPh1cPq4="}},"jm68kOlTagr9SnIIG6P5+2wOLjWEDw+NeQJCyxSZxgI=":{"valueMac":{"type":"Buffer","data":"eZz3xp3bsSHl4TPlYGzmr3d0ZvyiBMnUDKX6wwTXcAw="}}}}