{"version":34,"hash":{"type":"Buffer","data":"E9AGZkOwzogrMDKbSkw7irM4sYfbf99mz2tGtBCNT0++AcAZPL36AjXp621h/Tc5ufBgCbhEe7f4AjSiYLYYGciz9RLW9T3MR6fKe8Iqz5hnG2nUWRmOIJFfdWm1KGkDWN46M5a413z3GocUD4OqdBaZXYOhVzwMtyLzrU9xrd0="},"indexValueMap":{"Fhm0GR2fv4LDPEBlRlLL54kvLzcudcBElS9kId6cIlE=":{"valueMac":{"type":"Buffer","data":"G5LSH77VRMd8BvZAiZdVzKOGdTvIHoc5B8W9L0nWtZw="}},"GDIgoqE2ZHU+PhKKG9yGzWA9xUa/bg9ccqZJnS4T/OU=":{"valueMac":{"type":"Buffer","data":"1O+2tutVUWMWGtq4Y2KNiFAZdKSwuD9wWhd3adGX6fE="}},"HOwmJkCPmaN4fDTZzwrSK6aGNjE/TOvn/8j80nx9nzs=":{"valueMac":{"type":"Buffer","data":"hyLwnwKoXKeyAXH5PK2zFcXWkp9KEzBLsujHgA4Zuig="}},"IEiJzsDXMhNlevr3Xgkj2HjfH1j9nT27nFRbWcApLLw=":{"valueMac":{"type":"Buffer","data":"nIgIbOHWiMwwmId+ATQlE1xWiPBeBMtvMMHK19VPxWE="}},"Iier4tc265O3NKnpUKwbH5yw75brXuWnotXoatcPjfE=":{"valueMac":{"type":"Buffer","data":"zj0LIbEOW9I2/qZkSzY/UC4e09RATS9/Xo7j50oAtxo="}},"I6gNsR4m6YeDK1UBq0uCO+aPNEW6v+O7ZRKaVTCn0+4=":{"valueMac":{"type":"Buffer","data":"DLqrPSpFaPIInjcSqsCKuktIdrGwCuNEdadqaT88d9w="}},"LlH1npGH2/rxi6Lc1F7BC9OJe0r/E5TlHvlR1FKhWzQ=":{"valueMac":{"type":"Buffer","data":"A9b50rf73W3CZjjbV+aUgmxUtjHzaYbmr2zzf8Bo/M0="}},"Mh7ezLAP8WnKkox/HDi5H5YHJ5BPR2BtJvPhgWAp9JE=":{"valueMac":{"type":"Buffer","data":"10lkaBtWKOZzF/1LSoBktvd8awI6AaVjlr82LU9DCU8="}},"WKB+3LgfnGHq5rE6GeLPn1m5rdjEm9ZcmgiQRfeLqGA=":{"valueMac":{"type":"Buffer","data":"Rz/CIMzvYdlhbrK4ct1aeykDa1vWJSbsCBN7ZHvS2ZE="}},"btRVlbWBibiaUC+3CaZ3LysCOBuw0RKrO5aEFAPt/hk=":{"valueMac":{"type":"Buffer","data":"c5rkzxk4faLmSUjrG6w0ELetm+QZtF+Gx+AdEq4aIBA="}},"cV0cx1r3Nh/A39vrMyknndyuMYFrmgppEwWS8/SF3jI=":{"valueMac":{"type":"Buffer","data":"fQRT9TvjqyRepLu972xZoIHAZANOHdkRX8xKLh8zR9Q="}},"evs8WlFyZLiFQqOU91/RInY4vevO1VZxhUQW0/opLeM=":{"valueMac":{"type":"Buffer","data":"uO0SEKIRjkwTrCr2yzIPtZqVpVEPzlv+sR5VRX7up3Y="}},"hH2wse99yDHGbXFGMa673Y65OkOYnC+YcdE7+s02D/g=":{"valueMac":{"type":"Buffer","data":"y44vbSnvHAvZJt3uzObrhyc8X5WtMj8oRPIvejKCPs8="}},"l/1hsJrwrSWfmrjh0jrN802Y9swILAtC/6U4LVRW9Cs=":{"valueMac":{"type":"Buffer","data":"q4hVfPq6MEQBDc25/lbvE0evuCwk1Q3pg75jvfbVzLk="}},"nF219a476/tGn620p+ympY5+cIEh6dti0adS3ik5khw=":{"valueMac":{"type":"Buffer","data":"qYhbFGVPFh6+nmPzGTxWjKA9OEA5vkcWAH3GCETvwe0="}},"oE+wLhJVqQH7EZkb60Mqhbtpl4YJ/S+L/44Hsyw7MwE=":{"valueMac":{"type":"Buffer","data":"S1sdKcC87uvjHTD6IJbbvDm8vZB6jWBP20JzKobS+wY="}},"pJc3ly2JNYCkzxsN40B+Tl1ukfjClZxrroM/y5aJ6s4=":{"valueMac":{"type":"Buffer","data":"LPxU4ZM3Zsng2LoVzpgiO/xVniUeIzP6U88Gg7Qjy7g="}},"qbvKc7/SNfkmCMBtD7PnjpSdH+RcgsaBfIEnZhLaFxo=":{"valueMac":{"type":"Buffer","data":"zypNAPFA+qLmHX9BJXXaxo9hEugJCAj8TcIh61//Djg="}},"rb2GWGvbtAYEk7hS4ILJIsNkF77xheie6IsIf+8rvyA=":{"valueMac":{"type":"Buffer","data":"2x6ipdb+u6WRo/ghSJKrX1Zpqw9CmXUBATyNkTqZKOg="}},"sykcQn11OoSC3FubgOxcvetCGF8AMQDCCLuasR0T4Qc=":{"valueMac":{"type":"Buffer","data":"ozD3K3adTgpSzTZZbrHXrZg+n30VlJ3DK2Qlx9J92FU="}},"ugGfhQK47MCYISO+43A1yTJJ0+FWFFRS4nQGKNtICPE=":{"valueMac":{"type":"Buffer","data":"16UzB37O8o8rMwlnKn2tmNMgJcF2n7Vt+BWfeSbOBjg="}},"u8W/uWmmtOSiZJly56z03nVvwbn/Fe5HEDPmr4ViKZY=":{"valueMac":{"type":"Buffer","data":"WHcLGpyOB4eOSPg5gt7Hk9+Onx8+0sY5jJmCcbMajKE="}},"vF59iqcqKADFWk/jOe7bHyWmzAqiry7siLLbk7jvlRw=":{"valueMac":{"type":"Buffer","data":"BLl06Fk36Fm2UmMaD5BQwkOqxeqfZ/odrO837tJCfqY="}},"wRWDufWm8U7/vTdH2LjHgLMS8J6+q0p+JUMsfry6WJM=":{"valueMac":{"type":"Buffer","data":"vfihzYKScItAZFQ/RsoHlcOnc+CriAS+NZBstFRBLB8="}},"yuU0x5Y4R7D86vbM+LVEQOtCjPUoCRcUAxd7RrOQPLY=":{"valueMac":{"type":"Buffer","data":"AWX5oKkrGntZpRp5zTVZcTNoUDB+ZXjQRUMMxRCDQHs="}},"z6CqzsM6u3xItDfGsFeeNfItkKtYWMr55OHAFRnqugA=":{"valueMac":{"type":"Buffer","data":"n4dNkfytjpgY9Ekf03dokdxB5qVVDQ4oUtqlmHB45w0="}},"5FYsC1K3gEYq7StquOTVeDv4tSRb97/xkS2lYXstRu8=":{"valueMac":{"type":"Buffer","data":"0tw/H29rJEviWmEdK/DRl3tfiHLewEOoBfaw6M3pEA0="}},"5TN9IXFVekKHqzp2mb5pD9OIZQI57S8WZbTOqixmQNU=":{"valueMac":{"type":"Buffer","data":"vLA+z+JgyqoP8JutMULn+7y9IphdIAyHd63Jq3hygEg="}},"/nN7UnB/F4FGtNd2+xqT9zeP2VhmlINaUeRoaWJ0FyA=":{"valueMac":{"type":"Buffer","data":"ku/b2CtFrbJcqL2vWZXxDmTYgrUEIOmQAH8cZIN0f/A="}},"/9EtGcRuZdW/fARtS5bWupSJi34M6LCMVx+jgBB7idY=":{"valueMac":{"type":"Buffer","data":"56MP/6iidfmiVSCkqRji2RbAkoJ1x7CJqiV+mZ3qSso="}}}}