{"noiseKey":{"private":{"type":"Buffer","data":"oI+FID68/HeKD0pp2dXcUyh7Hrcb9xKNlw36/sfcYlo="},"public":{"type":"Buffer","data":"f5A+QWjbBFE9t2AsYfoRMCuxA+B2E53xEzrpMFaR5jc="}},"signedIdentityKey":{"private":{"type":"Buffer","data":"2O+w18FV8QJqO3DNkcBfAbdcR+qdH7WvN+5V7XB7g20="},"public":{"type":"Buffer","data":"5WtyhuTtRxb/84rg+b7q64TLI4rj0LVUhKR2A+Igwnc="}},"signedPreKey":{"keyPair":{"private":{"type":"Buffer","data":"UBVtMyP6n9Qs9FMj979s7KlKFqg1JwBTzH4zWrKlK1c="},"public":{"type":"Buffer","data":"TYlD6quvjZybgx6jtjSIVvhwi7sRTr3drQw7X3H5L1c="}},"signature":{"type":"Buffer","data":"cOMb/SiXnXypesgNl5JJc2uTbH2WNKbnnxYbATV2gyfoDPE8r4rfYZ740DQlAhU/s6d6tm2ZmzJK1snpRcNPDA=="},"keyId":1},"registrationId":77,"advSecretKey":"KbWivGV78FZVosVkabYEpGta0zqyVXg0X0l+BBU1Cag=","processedHistoryMessages":[{"key":{"remoteJid":"6285794583615@s.whatsapp.net","fromMe":true,"id":"6F37AC935B91BC95B4B780372AE83557"},"messageTimestamp":1674397904},{"key":{"remoteJid":"6285794583615@s.whatsapp.net","fromMe":true,"id":"00CBB0E18F383695FF87E8DA173283F5"},"messageTimestamp":1674397904},{"key":{"remoteJid":"6285794583615@s.whatsapp.net","fromMe":true,"id":"B56F65D08AD490E000210CF2DBF5EA1A"},"messageTimestamp":1674397906}],"nextPreKeyId":31,"firstUnuploadedPreKeyId":31,"accountSettings":{"unarchiveChats":false},"account":{"details":"CMSVs4cCEMyRtZ4GGBM=","accountSignatureKey":"W0rCVBgQzcJFSEuGfPv8157g87GPIz9FfD6drWTBeCw=","accountSignature":"MGCVJnye8Bup4paIWSweyjqRgo5zZYsTJE6uimDWUPY2wHTZJ9yTIA9XAv5mCsL8tEYSvlyyzveqnOBamXP8AA==","deviceSignature":"424gHLLXAhpjdg0RBvMOdBjN5EmDOrBOlAId49IQESVUD9Ev2l3wl9dJ9H8Fy/d0J2qDbe0H03H7Ly7EA1EfBA=="},"me":{"id":"6285794583615:56@s.whatsapp.net","name":"🗿","jid":"6285794583615@s.whatsapp.net"},"signalIdentities":[{"identifier":{"name":"6285794583615:56@s.whatsapp.net","deviceId":0},"identifierKey":{"type":"Buffer","data":"BVtKwlQYEM3CRUhLhnz7/Nee4POxjyM/RXw+na1kwXgs"}}],"platform":"android","lastAccountSyncTimestamp":1674397902,"myAppStateKeyId":"AAAAADry"}