{"_sessions":{"BcSAhkQyIY0O0okny2npTnbtm3QWmBp3gJeMvJRwt2gc":{"registrationId":834016235,"currentRatchet":{"ephemeralKeyPair":{"pubKey":"BaZO1LAGllxgjjaLPFEd8GAsUZlRpjHI4wrKtAtVQYx9","privKey":"CITLarakq2RU94q5GB5xcxE+SaS+j0JaB/vqrKqO1ns="},"lastRemoteEphemeralKey":"BWRH/9qpXDfFmfDpRppe9nw43IaHd981Bvc/DiJzL/BK","previousCounter":0,"rootKey":"p9GZUVZ0obF7lQ5TsJpUGNMLx0aIseiQ0p31KGK8iTY="},"indexInfo":{"baseKey":"BcSAhkQyIY0O0okny2npTnbtm3QWmBp3gJeMvJRwt2gc","baseKeyType":2,"closed":-1,"used":1674397903532,"created":1674397903532,"remoteIdentityKey":"BVtKwlQYEM3CRUhLhnz7/Nee4POxjyM/RXw+na1kwXgs"},"_chains":{"BWRH/9qpXDfFmfDpRppe9nw43IaHd981Bvc/DiJzL/BK":{"chainKey":{"counter":7,"key":"cusNfWY5ho9U/A1zoqMSP+ENy0uKSMN5qSZzElGSU1I="},"chainType":2,"messageKeys":{"1":"9BQTvh/cVKebayHjn/sWMQ6fxF6X1XN4n2im72i903c="}},"BaZO1LAGllxgjjaLPFEd8GAsUZlRpjHI4wrKtAtVQYx9":{"chainKey":{"counter":-1,"key":"Osr+ruXsaEyFqxkC4PELHT24+muAKSk3OmAE7mZVm8o="},"chainType":1,"messageKeys":{}}}}},"version":"v1"}